Model,RMSE,MAE,R2
LSTM,410.7577734754212,308.01589015466607,0.8173900358278989
GRU,374.1189989300215,272.91263847534395,0.8485140285652808
Bi-LSTM,399.80321156560956,288.5638319094458,0.8270002617876604
Transformer,428.83714930323316,297.66258320710614,0.8009612251262238
