RMSE,MAE,R2,MAPE
585.7350350201019,419.9775085449219,0.7169440388679504,10.679709
