模型,RMSE,MAE,R2,预测时间(s),单样本时间(ms),有效样本
physical,0.026331,0.022736,0.610598,0.000,0.000,50
linear,0.021028,0.018425,0.751641,0.006,0.120,50
tree,0.017994,0.015757,0.818153,0.002,0.040,50
deep,0.020276,0.017835,0.769094,0.008,0.158,50
