模型,RMSE,MAE,R2,预测时间(s),单样本时间(ms),有效样本
physical,0.026331,0.022736,0.610598,0.000,0.000,50
linear,0.021028,0.018425,0.751641,0.005,0.100,50
tree,0.017994,0.015757,0.818153,0.002,0.030,50
deep,0.020276,0.017835,0.769094,0.009,0.182,50
