RMSE,MAE,R2,MAPE
579.2210555996735,410.5333557128906,0.7232047915458679,10.353503
