RMSE,MAE,R2,MAPE
412.8580835792984,305.2368749902529,0.8155177980239761,9.218056721520616
