RMSE,MAE,R2,MAPE
575.8101900800298,409.5208740234375,0.7264551520347595,10.102071
