RMSE,MAE,R2,MAPE
591.6019301439102,424.0719909667969,0.7112452983856201,10.520712
