模型,RMSE,MAE,R2
physical,1658.8512855500317,1542.3411189340288,-2.7546007042050937
tree,279.79299367651527,199.52306261918008,0.8931873917817176
deep,409.0966966047758,297.87460430150384,0.7716501160607299
linear,517.9997239714702,332.27536859775313,0.6338931063504765
