RMSE,MAE,R2,MAPE
615.3321003734487,439.879150390625,0.6876158118247986,13.468448
